started_at,finished_at,job_id,status,exit_code,duration_sec,host,pid
2026-09-06T00:00:02+0900,2026-09-06T00:00:03+0900,deadman-check,SUCCESS,0,1,ops01,10318
2026-09-06T00:00:08+0900,2026-09-06T00:00:19+0900,health-check,SUCCESS,0,11,ops01,10030
2026-09-06T00:05:08+0900,2026-09-06T00:05:20+0900,health-check,SUCCESS,0,12,ops01,10031
2026-09-06T00:10:02+0900,2026-09-06T00:10:03+0900,deadman-check,SUCCESS,0,1,ops01,10319
2026-09-06T00:10:02+0900,2026-09-06T00:10:05+0900,health-check,SUCCESS,0,3,ops01,10032
2026-09-06T00:15:01+0900,2026-09-06T00:15:03+0900,user-sync,SUCCESS,0,2,ops01,10006
2026-09-06T00:15:07+0900,2026-09-06T00:15:14+0900,health-check,SUCCESS,0,7,ops01,10033
2026-09-06T00:20:02+0900,2026-09-06T00:20:03+0900,deadman-check,SUCCESS,0,1,ops01,10320
2026-09-06T00:20:04+0900,2026-09-06T00:20:08+0900,health-check,SUCCESS,0,4,ops01,10034
2026-09-06T00:25:07+0900,2026-09-06T00:25:17+0900,health-check,SUCCESS,0,10,ops01,10035
2026-09-06T00:30:02+0900,2026-09-06T00:30:03+0900,deadman-check,SUCCESS,0,1,ops01,10321
2026-09-06T00:30:05+0900,2026-09-06T00:30:08+0900,health-check,SUCCESS,0,3,ops01,10036
2026-09-06T00:35:07+0900,2026-09-06T00:35:17+0900,health-check,SUCCESS,0,10,ops01,10037
2026-09-06T00:40:02+0900,2026-09-06T00:40:03+0900,deadman-check,SUCCESS,0,1,ops01,10322
2026-09-06T00:40:05+0900,2026-09-06T00:40:15+0900,health-check,SUCCESS,0,10,ops01,10038
2026-09-06T00:45:04+0900,2026-09-06T00:45:11+0900,health-check,SUCCESS,0,7,ops01,10039
2026-09-06T00:50:02+0900,2026-09-06T00:50:03+0900,deadman-check,SUCCESS,0,1,ops01,10323
2026-09-06T00:50:04+0900,2026-09-06T00:50:07+0900,health-check,SUCCESS,0,3,ops01,10040
2026-09-06T00:55:08+0900,2026-09-06T00:55:13+0900,health-check,SUCCESS,0,5,ops01,10041
2026-09-06T01:00:02+0900,2026-09-06T01:00:03+0900,deadman-check,SUCCESS,0,1,ops01,10324
2026-09-06T01:00:01+0900,2026-09-06T01:00:09+0900,health-check,SUCCESS,0,8,ops01,10042
2026-09-06T01:05:07+0900,2026-09-06T01:05:14+0900,health-check,SUCCESS,0,7,ops01,10043
2026-09-06T01:10:02+0900,2026-09-06T01:10:03+0900,deadman-check,SUCCESS,0,1,ops01,10325
2026-09-06T01:10:08+0900,2026-09-06T01:10:20+0900,health-check,SUCCESS,0,12,ops01,10044
2026-09-06T01:15:01+0900,2026-09-06T01:15:03+0900,user-sync,SUCCESS,0,2,ops01,10007
2026-09-06T01:15:02+0900,2026-09-06T01:15:14+0900,health-check,SUCCESS,0,12,ops01,10045
2026-09-06T01:20:02+0900,2026-09-06T01:20:03+0900,deadman-check,SUCCESS,0,1,ops01,10326
2026-09-06T01:20:02+0900,2026-09-06T01:20:12+0900,health-check,SUCCESS,0,10,ops01,10046
2026-09-06T01:25:05+0900,2026-09-06T01:25:13+0900,health-check,SUCCESS,0,8,ops01,10047
2026-09-06T01:30:02+0900,2026-09-06T01:30:03+0900,deadman-check,SUCCESS,0,1,ops01,10327
2026-09-06T01:30:02+0900,2026-09-06T01:30:09+0900,db-dump,FAILED,1,7,ops01,10002
2026-09-06T01:30:07+0900,2026-09-06T01:30:15+0900,health-check,SUCCESS,0,8,ops01,10048
2026-09-06T01:35:02+0900,2026-09-06T01:35:12+0900,health-check,SUCCESS,0,10,ops01,10049
2026-09-06T01:40:02+0900,2026-09-06T01:40:03+0900,deadman-check,SUCCESS,0,1,ops01,10328
2026-09-06T01:40:02+0900,2026-09-06T01:40:13+0900,health-check,SUCCESS,0,11,ops01,10050
2026-09-06T01:45:07+0900,2026-09-06T01:45:10+0900,health-check,SUCCESS,0,3,ops01,10051
2026-09-06T01:50:02+0900,2026-09-06T01:50:03+0900,deadman-check,SUCCESS,0,1,ops01,10329
2026-09-06T01:50:07+0900,2026-09-06T01:50:16+0900,health-check,SUCCESS,0,9,ops01,10052
2026-09-06T01:55:02+0900,2026-09-06T01:55:09+0900,health-check,SUCCESS,0,7,ops01,10053
2026-09-06T02:00:02+0900,2026-09-06T02:00:03+0900,deadman-check,SUCCESS,0,1,ops01,10330
2026-09-06T02:00:02+0900,2026-09-06T02:00:07+0900,health-check,SUCCESS,0,5,ops01,10054
2026-09-06T02:05:05+0900,2026-09-06T02:05:14+0900,health-check,SUCCESS,0,9,ops01,10055
2026-09-06T02:10:02+0900,2026-09-06T02:10:03+0900,deadman-check,SUCCESS,0,1,ops01,10331
2026-09-06T02:10:01+0900,2026-09-06T02:10:12+0900,health-check,SUCCESS,0,11,ops01,10056
2026-09-06T02:15:01+0900,2026-09-06T02:15:05+0900,user-sync,SUCCESS,0,4,ops01,10008
2026-09-06T02:15:06+0900,2026-09-06T02:15:14+0900,health-check,SUCCESS,0,8,ops01,10057
2026-09-06T02:20:02+0900,2026-09-06T02:20:03+0900,deadman-check,SUCCESS,0,1,ops01,10332
2026-09-06T02:20:07+0900,2026-09-06T02:20:10+0900,health-check,SUCCESS,0,3,ops01,10058
2026-09-06T02:25:04+0900,2026-09-06T02:25:13+0900,health-check,SUCCESS,0,9,ops01,10059
2026-09-06T02:30:02+0900,2026-09-06T02:30:03+0900,deadman-check,SUCCESS,0,1,ops01,10333
2026-09-06T02:30:02+0900,2026-09-06T02:30:12+0900,health-check,SUCCESS,0,10,ops01,10060
2026-09-06T02:35:05+0900,2026-09-06T02:35:16+0900,health-check,SUCCESS,0,11,ops01,10061
2026-09-06T02:40:02+0900,2026-09-06T02:40:03+0900,deadman-check,SUCCESS,0,1,ops01,10334
2026-09-06T02:40:03+0900,2026-09-06T02:40:11+0900,health-check,SUCCESS,0,8,ops01,10062
2026-09-06T02:45:07+0900,2026-09-06T02:45:19+0900,health-check,SUCCESS,0,12,ops01,10063
2026-09-06T02:50:02+0900,2026-09-06T02:50:03+0900,deadman-check,SUCCESS,0,1,ops01,10335
2026-09-06T02:50:02+0900,2026-09-06T02:50:13+0900,health-check,SUCCESS,0,11,ops01,10064
2026-09-06T02:55:08+0900,2026-09-06T02:55:14+0900,health-check,SUCCESS,0,6,ops01,10065
2026-09-06T03:00:02+0900,2026-09-06T03:00:03+0900,deadman-check,SUCCESS,0,1,ops01,10336
2026-09-06T03:00:05+0900,2026-09-06T03:00:08+0900,health-check,SUCCESS,0,3,ops01,10066
2026-09-06T03:00:01+0900,2026-09-06T03:00:43+0900,backup-daily,SUCCESS,0,42,ops01,10001
2026-09-06T03:05:06+0900,2026-09-06T03:05:16+0900,health-check,SUCCESS,0,10,ops01,10067
2026-09-06T03:10:02+0900,2026-09-06T03:10:03+0900,deadman-check,SUCCESS,0,1,ops01,10337
2026-09-06T03:10:02+0900,2026-09-06T03:10:14+0900,health-check,SUCCESS,0,12,ops01,10068
2026-09-06T03:15:01+0900,2026-09-06T03:15:05+0900,user-sync,SUCCESS,0,4,ops01,10009
2026-09-06T03:15:02+0900,2026-09-06T03:15:10+0900,health-check,SUCCESS,0,8,ops01,10069
2026-09-06T03:20:02+0900,2026-09-06T03:20:03+0900,deadman-check,SUCCESS,0,1,ops01,10338
2026-09-06T03:20:02+0900,2026-09-06T03:20:08+0900,health-check,SUCCESS,0,6,ops01,10070
2026-09-06T03:25:01+0900,2026-09-06T03:25:04+0900,health-check,SUCCESS,0,3,ops01,10071
2026-09-06T03:30:02+0900,2026-09-06T03:30:03+0900,deadman-check,SUCCESS,0,1,ops01,10339
2026-09-06T03:30:02+0900,2026-09-06T03:30:09+0900,health-check,SUCCESS,0,7,ops01,10072
2026-09-06T03:35:07+0900,2026-09-06T03:35:16+0900,health-check,SUCCESS,0,9,ops01,10073
2026-09-06T03:40:02+0900,2026-09-06T03:40:03+0900,deadman-check,SUCCESS,0,1,ops01,10340
2026-09-06T03:40:08+0900,2026-09-06T03:40:18+0900,health-check,SUCCESS,0,10,ops01,10074
2026-09-06T03:45:02+0900,2026-09-06T03:45:13+0900,health-check,SUCCESS,0,11,ops01,10075
2026-09-06T03:50:02+0900,2026-09-06T03:50:03+0900,deadman-check,SUCCESS,0,1,ops01,10341
2026-09-06T03:50:03+0900,2026-09-06T03:50:14+0900,health-check,SUCCESS,0,11,ops01,10076
2026-09-06T03:55:07+0900,2026-09-06T03:55:14+0900,health-check,SUCCESS,0,7,ops01,10077
2026-09-06T04:00:02+0900,2026-09-06T04:00:03+0900,deadman-check,SUCCESS,0,1,ops01,10342
2026-09-06T04:00:06+0900,2026-09-06T04:00:09+0900,health-check,SUCCESS,0,3,ops01,10078
2026-09-06T04:05:01+0900,2026-09-06T04:05:10+0900,health-check,SUCCESS,0,9,ops01,10079
2026-09-06T04:10:02+0900,2026-09-06T04:10:03+0900,deadman-check,SUCCESS,0,1,ops01,10343
2026-09-06T04:10:01+0900,2026-09-06T04:10:04+0900,logrotate-app,SUCCESS,0,3,ops01,10003
2026-09-06T04:10:07+0900,2026-09-06T04:10:15+0900,health-check,SUCCESS,0,8,ops01,10080
2026-09-06T04:15:01+0900,2026-09-06T04:15:05+0900,user-sync,SUCCESS,0,4,ops01,10010
2026-09-06T04:15:06+0900,2026-09-06T04:15:16+0900,health-check,SUCCESS,0,10,ops01,10081
2026-09-06T04:20:02+0900,2026-09-06T04:20:03+0900,deadman-check,SUCCESS,0,1,ops01,10344
2026-09-06T04:20:03+0900,2026-09-06T04:20:10+0900,health-check,SUCCESS,0,7,ops01,10082
2026-09-06T04:25:05+0900,2026-09-06T04:25:08+0900,health-check,SUCCESS,0,3,ops01,10083
2026-09-06T04:30:02+0900,2026-09-06T04:30:03+0900,deadman-check,SUCCESS,0,1,ops01,10345
2026-09-06T04:30:03+0900,2026-09-06T04:30:09+0900,health-check,SUCCESS,0,6,ops01,10084
2026-09-06T04:35:08+0900,2026-09-06T04:35:19+0900,health-check,SUCCESS,0,11,ops01,10085
2026-09-06T04:40:02+0900,2026-09-06T04:40:03+0900,deadman-check,SUCCESS,0,1,ops01,10346
2026-09-06T04:40:06+0900,2026-09-06T04:40:18+0900,health-check,SUCCESS,0,12,ops01,10086
2026-09-06T04:45:05+0900,2026-09-06T04:45:10+0900,health-check,SUCCESS,0,5,ops01,10087
2026-09-06T04:50:02+0900,2026-09-06T04:50:03+0900,deadman-check,SUCCESS,0,1,ops01,10347
2026-09-06T04:50:02+0900,2026-09-06T04:50:14+0900,health-check,SUCCESS,0,12,ops01,10088
2026-09-06T04:55:02+0900,2026-09-06T04:55:13+0900,health-check,SUCCESS,0,11,ops01,10089
2026-09-06T05:00:02+0900,2026-09-06T05:00:03+0900,deadman-check,SUCCESS,0,1,ops01,10348
2026-09-06T05:00:01+0900,2026-09-06T05:00:12+0900,tmp-cleanup,SUCCESS,0,11,ops01,10004
2026-09-06T05:00:04+0900,2026-09-06T05:00:15+0900,health-check,SUCCESS,0,11,ops01,10090
2026-09-06T05:05:07+0900,2026-09-06T05:05:16+0900,health-check,SUCCESS,0,9,ops01,10091
2026-09-06T05:10:02+0900,2026-09-06T05:10:03+0900,deadman-check,SUCCESS,0,1,ops01,10349
2026-09-06T05:10:05+0900,2026-09-06T05:10:13+0900,health-check,SUCCESS,0,8,ops01,10092
2026-09-06T05:15:01+0900,2026-09-06T05:15:05+0900,user-sync,SUCCESS,0,4,ops01,10011
2026-09-06T05:15:02+0900,2026-09-06T05:15:07+0900,health-check,SUCCESS,0,5,ops01,10093
2026-09-06T05:20:02+0900,2026-09-06T05:20:03+0900,deadman-check,SUCCESS,0,1,ops01,10350
2026-09-06T05:20:02+0900,2026-09-06T05:20:11+0900,health-check,SUCCESS,0,9,ops01,10094
2026-09-06T05:25:07+0900,2026-09-06T05:25:10+0900,health-check,SUCCESS,0,3,ops01,10095
2026-09-06T05:30:02+0900,2026-09-06T05:30:03+0900,deadman-check,SUCCESS,0,1,ops01,10351
2026-09-06T05:30:07+0900,2026-09-06T05:30:18+0900,health-check,SUCCESS,0,11,ops01,10096
2026-09-06T05:35:08+0900,2026-09-06T05:35:20+0900,health-check,SUCCESS,0,12,ops01,10097
2026-09-06T05:40:02+0900,2026-09-06T05:40:03+0900,deadman-check,SUCCESS,0,1,ops01,10352
2026-09-06T05:40:08+0900,2026-09-06T05:40:13+0900,health-check,SUCCESS,0,5,ops01,10098
2026-09-06T05:45:02+0900,2026-09-06T05:45:06+0900,health-check,SUCCESS,0,4,ops01,10099
2026-09-06T05:50:02+0900,2026-09-06T05:50:03+0900,deadman-check,SUCCESS,0,1,ops01,10353
2026-09-06T05:50:06+0900,2026-09-06T05:50:14+0900,health-check,SUCCESS,0,8,ops01,10100
2026-09-06T05:55:02+0900,2026-09-06T05:55:10+0900,health-check,SUCCESS,0,8,ops01,10101
2026-09-06T06:00:02+0900,2026-09-06T06:00:03+0900,deadman-check,SUCCESS,0,1,ops01,10354
2026-09-06T06:00:05+0900,2026-09-06T06:00:16+0900,health-check,SUCCESS,0,11,ops01,10102
2026-09-06T06:05:04+0900,2026-09-06T06:05:14+0900,health-check,SUCCESS,0,10,ops01,10103
2026-09-06T06:10:02+0900,2026-09-06T06:10:03+0900,deadman-check,SUCCESS,0,1,ops01,10355
2026-09-06T06:10:02+0900,2026-09-06T06:10:07+0900,health-check,SUCCESS,0,5,ops01,10104
2026-09-06T06:15:01+0900,2026-09-06T06:15:04+0900,user-sync,SUCCESS,0,3,ops01,10012
2026-09-06T06:15:07+0900,2026-09-06T06:15:12+0900,health-check,SUCCESS,0,5,ops01,10105
2026-09-06T06:20:02+0900,2026-09-06T06:20:03+0900,deadman-check,SUCCESS,0,1,ops01,10356
2026-09-06T06:20:06+0900,2026-09-06T06:20:12+0900,health-check,SUCCESS,0,6,ops01,10106
2026-09-06T06:25:03+0900,2026-09-06T06:25:10+0900,health-check,SUCCESS,0,7,ops01,10107
2026-09-06T06:30:02+0900,2026-09-06T06:30:03+0900,deadman-check,SUCCESS,0,1,ops01,10357
2026-09-06T06:30:06+0900,2026-09-06T06:30:18+0900,health-check,SUCCESS,0,12,ops01,10108
2026-09-06T06:35:03+0900,2026-09-06T06:35:06+0900,health-check,SUCCESS,0,3,ops01,10109
2026-09-06T06:40:02+0900,2026-09-06T06:40:03+0900,deadman-check,SUCCESS,0,1,ops01,10358
2026-09-06T06:40:01+0900,2026-09-06T06:40:11+0900,health-check,SUCCESS,0,10,ops01,10110
2026-09-06T06:45:07+0900,2026-09-06T06:45:19+0900,health-check,SUCCESS,0,12,ops01,10111
2026-09-06T06:50:02+0900,2026-09-06T06:50:03+0900,deadman-check,SUCCESS,0,1,ops01,10359
2026-09-06T06:50:08+0900,2026-09-06T06:50:18+0900,health-check,SUCCESS,0,10,ops01,10112
2026-09-06T06:55:06+0900,2026-09-06T06:55:12+0900,health-check,SUCCESS,0,6,ops01,10113
2026-09-06T07:00:02+0900,2026-09-06T07:00:03+0900,deadman-check,SUCCESS,0,1,ops01,10360
2026-09-06T07:00:06+0900,2026-09-06T07:00:14+0900,health-check,SUCCESS,0,8,ops01,10114
2026-09-06T07:05:01+0900,2026-09-06T07:05:13+0900,health-check,SUCCESS,0,12,ops01,10115
2026-09-06T07:10:01+0900,2026-09-06T07:10:03+0900,daily-report,SUCCESS,0,2,ops01,10005
2026-09-06T07:10:02+0900,2026-09-06T07:10:03+0900,deadman-check,SUCCESS,0,1,ops01,10361
2026-09-06T07:10:04+0900,2026-09-06T07:10:13+0900,health-check,SUCCESS,0,9,ops01,10116
2026-09-06T07:15:01+0900,2026-09-06T07:15:04+0900,user-sync,SUCCESS,0,3,ops01,10013
2026-09-06T07:15:04+0900,2026-09-06T07:15:14+0900,health-check,SUCCESS,0,10,ops01,10117
2026-09-06T07:20:02+0900,2026-09-06T07:20:03+0900,deadman-check,SUCCESS,0,1,ops01,10362
2026-09-06T07:20:07+0900,2026-09-06T07:20:13+0900,health-check,SUCCESS,0,6,ops01,10118
2026-09-06T07:25:02+0900,2026-09-06T07:25:07+0900,health-check,SUCCESS,0,5,ops01,10119
2026-09-06T07:30:02+0900,2026-09-06T07:30:03+0900,deadman-check,SUCCESS,0,1,ops01,10363
2026-09-06T07:30:01+0900,2026-09-06T07:30:04+0900,health-check,SUCCESS,0,3,ops01,10120
2026-09-06T07:35:02+0900,2026-09-06T07:35:09+0900,health-check,SUCCESS,0,7,ops01,10121
2026-09-06T07:40:02+0900,2026-09-06T07:40:03+0900,deadman-check,SUCCESS,0,1,ops01,10364
2026-09-06T07:40:03+0900,2026-09-06T07:40:07+0900,health-check,SUCCESS,0,4,ops01,10122
2026-09-06T07:45:05+0900,2026-09-06T07:45:14+0900,health-check,SUCCESS,0,9,ops01,10123
2026-09-06T07:50:02+0900,2026-09-06T07:50:03+0900,deadman-check,SUCCESS,0,1,ops01,10365
2026-09-06T07:50:01+0900,2026-09-06T07:50:09+0900,health-check,SUCCESS,0,8,ops01,10124
2026-09-06T07:55:04+0900,2026-09-06T07:55:15+0900,health-check,SUCCESS,0,11,ops01,10125
2026-09-06T08:00:02+0900,2026-09-06T08:00:03+0900,deadman-check,SUCCESS,0,1,ops01,10366
2026-09-06T08:00:05+0900,2026-09-06T08:00:09+0900,health-check,SUCCESS,0,4,ops01,10126
2026-09-06T08:05:04+0900,2026-09-06T08:05:10+0900,health-check,SUCCESS,0,6,ops01,10127
2026-09-06T08:10:02+0900,2026-09-06T08:10:03+0900,deadman-check,SUCCESS,0,1,ops01,10367
2026-09-06T08:10:04+0900,2026-09-06T08:10:12+0900,health-check,SUCCESS,0,8,ops01,10128
2026-09-06T08:15:01+0900,2026-09-06T08:15:05+0900,user-sync,SUCCESS,0,4,ops01,10014
2026-09-06T08:15:06+0900,2026-09-06T08:15:16+0900,health-check,SUCCESS,0,10,ops01,10129
2026-09-06T08:20:02+0900,2026-09-06T08:20:03+0900,deadman-check,SUCCESS,0,1,ops01,10368
2026-09-06T08:20:07+0900,2026-09-06T08:20:19+0900,health-check,SUCCESS,0,12,ops01,10130
2026-09-06T08:25:06+0900,2026-09-06T08:25:10+0900,health-check,SUCCESS,0,4,ops01,10131
2026-09-06T08:30:02+0900,2026-09-06T08:30:03+0900,deadman-check,SUCCESS,0,1,ops01,10369
2026-09-06T08:30:07+0900,2026-09-06T08:30:19+0900,health-check,SUCCESS,0,12,ops01,10132
2026-09-06T08:35:02+0900,2026-09-06T08:35:07+0900,health-check,SUCCESS,0,5,ops01,10133
2026-09-06T08:40:02+0900,2026-09-06T08:40:03+0900,deadman-check,SUCCESS,0,1,ops01,10370
2026-09-06T08:40:04+0900,2026-09-06T08:40:07+0900,health-check,SUCCESS,0,3,ops01,10134
2026-09-06T08:45:06+0900,2026-09-06T08:45:14+0900,health-check,SUCCESS,0,8,ops01,10135
2026-09-06T08:50:02+0900,2026-09-06T08:50:03+0900,deadman-check,SUCCESS,0,1,ops01,10371
2026-09-06T08:50:01+0900,2026-09-06T08:50:13+0900,health-check,SUCCESS,0,12,ops01,10136
2026-09-06T08:55:05+0900,2026-09-06T08:55:10+0900,health-check,SUCCESS,0,5,ops01,10137
2026-09-06T09:00:02+0900,2026-09-06T09:00:03+0900,deadman-check,SUCCESS,0,1,ops01,10372
2026-09-06T09:00:04+0900,2026-09-06T09:00:08+0900,health-check,SUCCESS,0,4,ops01,10138
2026-09-06T09:05:03+0900,2026-09-06T09:05:08+0900,health-check,SUCCESS,0,5,ops01,10139
2026-09-06T09:10:02+0900,2026-09-06T09:10:03+0900,deadman-check,SUCCESS,0,1,ops01,10373
2026-09-06T09:10:06+0900,2026-09-06T09:10:17+0900,health-check,SUCCESS,0,11,ops01,10140
2026-09-06T09:15:01+0900,2026-09-06T09:15:04+0900,user-sync,SUCCESS,0,3,ops01,10015
2026-09-06T09:15:05+0900,2026-09-06T09:15:09+0900,health-check,SUCCESS,0,4,ops01,10141
2026-09-06T09:20:02+0900,2026-09-06T09:20:03+0900,deadman-check,SUCCESS,0,1,ops01,10374
2026-09-06T09:20:07+0900,2026-09-06T09:20:13+0900,health-check,SUCCESS,0,6,ops01,10142
2026-09-06T09:25:03+0900,2026-09-06T09:25:12+0900,health-check,SUCCESS,0,9,ops01,10143
2026-09-06T09:30:02+0900,2026-09-06T09:30:03+0900,deadman-check,SUCCESS,0,1,ops01,10375
2026-09-06T09:30:02+0900,2026-09-06T09:30:06+0900,health-check,SUCCESS,0,4,ops01,10144
2026-09-06T09:35:06+0900,2026-09-06T09:35:11+0900,health-check,SUCCESS,0,5,ops01,10145
2026-09-06T09:40:02+0900,2026-09-06T09:40:03+0900,deadman-check,SUCCESS,0,1,ops01,10376
2026-09-06T09:40:03+0900,2026-09-06T09:40:07+0900,health-check,SUCCESS,0,4,ops01,10146
2026-09-06T09:45:08+0900,2026-09-06T09:45:19+0900,health-check,SUCCESS,0,11,ops01,10147
2026-09-06T09:50:02+0900,2026-09-06T09:50:03+0900,deadman-check,SUCCESS,0,1,ops01,10377
2026-09-06T09:50:08+0900,2026-09-06T09:50:13+0900,health-check,SUCCESS,0,5,ops01,10148
2026-09-06T09:55:05+0900,2026-09-06T09:55:17+0900,health-check,SUCCESS,0,12,ops01,10149
2026-09-06T10:00:02+0900,2026-09-06T10:00:03+0900,deadman-check,SUCCESS,0,1,ops01,10378
2026-09-06T10:00:05+0900,2026-09-06T10:00:09+0900,health-check,SUCCESS,0,4,ops01,10150
2026-09-06T10:05:07+0900,2026-09-06T10:05:13+0900,health-check,SUCCESS,0,6,ops01,10151
2026-09-06T10:10:02+0900,2026-09-06T10:10:03+0900,deadman-check,SUCCESS,0,1,ops01,10379
2026-09-06T10:10:04+0900,2026-09-06T10:10:09+0900,health-check,SUCCESS,0,5,ops01,10152
2026-09-06T10:15:01+0900,2026-09-06T10:15:04+0900,user-sync,SUCCESS,0,3,ops01,10016
2026-09-06T10:15:03+0900,2026-09-06T10:15:13+0900,health-check,SUCCESS,0,10,ops01,10153
2026-09-06T10:20:02+0900,2026-09-06T10:20:03+0900,deadman-check,SUCCESS,0,1,ops01,10380
2026-09-06T10:20:06+0900,2026-09-06T10:20:10+0900,health-check,SUCCESS,0,4,ops01,10154
2026-09-06T10:25:06+0900,2026-09-06T10:25:16+0900,health-check,SUCCESS,0,10,ops01,10155
2026-09-06T10:30:02+0900,2026-09-06T10:30:03+0900,deadman-check,SUCCESS,0,1,ops01,10381
2026-09-06T10:30:06+0900,2026-09-06T10:30:16+0900,health-check,SUCCESS,0,10,ops01,10156
2026-09-06T10:35:06+0900,2026-09-06T10:35:10+0900,health-check,SUCCESS,0,4,ops01,10157
2026-09-06T10:40:02+0900,2026-09-06T10:40:03+0900,deadman-check,SUCCESS,0,1,ops01,10382
2026-09-06T10:40:03+0900,2026-09-06T10:40:08+0900,health-check,SUCCESS,0,5,ops01,10158
2026-09-06T10:45:02+0900,2026-09-06T10:45:06+0900,health-check,SUCCESS,0,4,ops01,10159
2026-09-06T10:50:02+0900,2026-09-06T10:50:03+0900,deadman-check,SUCCESS,0,1,ops01,10383
2026-09-06T10:50:06+0900,2026-09-06T10:50:18+0900,health-check,SUCCESS,0,12,ops01,10160
2026-09-06T10:55:07+0900,2026-09-06T10:55:11+0900,health-check,SUCCESS,0,4,ops01,10161
2026-09-06T11:00:02+0900,2026-09-06T11:00:03+0900,deadman-check,SUCCESS,0,1,ops01,10384
2026-09-06T11:00:04+0900,2026-09-06T11:00:09+0900,health-check,SUCCESS,0,5,ops01,10162
2026-09-06T11:05:01+0900,2026-09-06T11:05:07+0900,health-check,SUCCESS,0,6,ops01,10163
2026-09-06T11:10:02+0900,2026-09-06T11:10:03+0900,deadman-check,SUCCESS,0,1,ops01,10385
2026-09-06T11:10:05+0900,2026-09-06T11:10:10+0900,health-check,SUCCESS,0,5,ops01,10164
2026-09-06T11:15:01+0900,2026-09-06T11:15:05+0900,user-sync,SUCCESS,0,4,ops01,10017
2026-09-06T11:15:05+0900,2026-09-06T11:15:17+0900,health-check,SUCCESS,0,12,ops01,10165
2026-09-06T11:20:02+0900,2026-09-06T11:20:03+0900,deadman-check,SUCCESS,0,1,ops01,10386
2026-09-06T11:20:05+0900,2026-09-06T11:20:14+0900,health-check,SUCCESS,0,9,ops01,10166
2026-09-06T11:25:01+0900,2026-09-06T11:25:06+0900,health-check,SUCCESS,0,5,ops01,10167
2026-09-06T11:30:02+0900,2026-09-06T11:30:03+0900,deadman-check,SUCCESS,0,1,ops01,10387
2026-09-06T11:30:01+0900,2026-09-06T11:30:11+0900,health-check,SUCCESS,0,10,ops01,10168
2026-09-06T11:35:01+0900,2026-09-06T11:35:09+0900,health-check,SUCCESS,0,8,ops01,10169
2026-09-06T11:40:02+0900,2026-09-06T11:40:03+0900,deadman-check,SUCCESS,0,1,ops01,10388
2026-09-06T11:40:05+0900,2026-09-06T11:40:12+0900,health-check,SUCCESS,0,7,ops01,10170
2026-09-06T11:45:02+0900,2026-09-06T11:45:08+0900,health-check,SUCCESS,0,6,ops01,10171
2026-09-06T11:50:02+0900,2026-09-06T11:50:03+0900,deadman-check,SUCCESS,0,1,ops01,10389
2026-09-06T11:50:03+0900,2026-09-06T11:50:15+0900,health-check,SUCCESS,0,12,ops01,10172
2026-09-06T11:55:05+0900,2026-09-06T11:55:16+0900,health-check,SUCCESS,0,11,ops01,10173
2026-09-06T12:00:02+0900,2026-09-06T12:00:03+0900,deadman-check,SUCCESS,0,1,ops01,10390
2026-09-06T12:00:01+0900,2026-09-06T12:00:06+0900,health-check,SUCCESS,0,5,ops01,10174
2026-09-06T12:05:06+0900,2026-09-06T12:05:16+0900,health-check,SUCCESS,0,10,ops01,10175
2026-09-06T12:10:02+0900,2026-09-06T12:10:03+0900,deadman-check,SUCCESS,0,1,ops01,10391
2026-09-06T12:10:05+0900,2026-09-06T12:10:12+0900,health-check,SUCCESS,0,7,ops01,10176
2026-09-06T12:15:01+0900,2026-09-06T12:15:03+0900,user-sync,SUCCESS,0,2,ops01,10018
2026-09-06T12:15:07+0900,2026-09-06T12:15:16+0900,health-check,SUCCESS,0,9,ops01,10177
2026-09-06T12:20:02+0900,2026-09-06T12:20:03+0900,deadman-check,SUCCESS,0,1,ops01,10392
2026-09-06T12:20:02+0900,2026-09-06T12:20:06+0900,health-check,SUCCESS,0,4,ops01,10178
2026-09-06T12:25:06+0900,2026-09-06T12:25:12+0900,health-check,SUCCESS,0,6,ops01,10179
2026-09-06T12:30:02+0900,2026-09-06T12:30:03+0900,deadman-check,SUCCESS,0,1,ops01,10393
2026-09-06T12:30:07+0900,2026-09-06T12:30:15+0900,health-check,SUCCESS,0,8,ops01,10180
2026-09-06T12:35:05+0900,2026-09-06T12:35:09+0900,health-check,SUCCESS,0,4,ops01,10181
2026-09-06T12:40:02+0900,2026-09-06T12:40:03+0900,deadman-check,SUCCESS,0,1,ops01,10394
2026-09-06T12:40:04+0900,2026-09-06T12:40:10+0900,health-check,SUCCESS,0,6,ops01,10182
2026-09-06T12:45:05+0900,2026-09-06T12:45:16+0900,health-check,SUCCESS,0,11,ops01,10183
2026-09-06T12:50:02+0900,2026-09-06T12:50:03+0900,deadman-check,SUCCESS,0,1,ops01,10395
2026-09-06T12:50:06+0900,2026-09-06T12:50:16+0900,health-check,SUCCESS,0,10,ops01,10184
2026-09-06T12:55:08+0900,2026-09-06T12:55:16+0900,health-check,SUCCESS,0,8,ops01,10185
2026-09-06T13:00:02+0900,2026-09-06T13:00:03+0900,deadman-check,SUCCESS,0,1,ops01,10396
2026-09-06T13:00:06+0900,2026-09-06T13:00:18+0900,health-check,SUCCESS,0,12,ops01,10186
2026-09-06T13:05:03+0900,2026-09-06T13:05:08+0900,health-check,SUCCESS,0,5,ops01,10187
2026-09-06T13:10:02+0900,2026-09-06T13:10:03+0900,deadman-check,SUCCESS,0,1,ops01,10397
2026-09-06T13:10:02+0900,2026-09-06T13:10:08+0900,health-check,SUCCESS,0,6,ops01,10188
2026-09-06T13:15:01+0900,2026-09-06T13:15:05+0900,user-sync,SUCCESS,0,4,ops01,10019
2026-09-06T13:15:04+0900,2026-09-06T13:15:13+0900,health-check,SUCCESS,0,9,ops01,10189
2026-09-06T13:20:02+0900,2026-09-06T13:20:03+0900,deadman-check,SUCCESS,0,1,ops01,10398
2026-09-06T13:20:04+0900,2026-09-06T13:20:15+0900,health-check,SUCCESS,0,11,ops01,10190
2026-09-06T13:25:02+0900,2026-09-06T13:25:14+0900,health-check,SUCCESS,0,12,ops01,10191
2026-09-06T13:30:02+0900,2026-09-06T13:30:03+0900,deadman-check,SUCCESS,0,1,ops01,10399
2026-09-06T13:30:04+0900,2026-09-06T13:30:10+0900,health-check,SUCCESS,0,6,ops01,10192
2026-09-06T13:35:02+0900,2026-09-06T13:35:13+0900,health-check,SUCCESS,0,11,ops01,10193
2026-09-06T13:40:02+0900,2026-09-06T13:40:03+0900,deadman-check,SUCCESS,0,1,ops01,10400
2026-09-06T13:40:04+0900,2026-09-06T13:40:08+0900,health-check,SUCCESS,0,4,ops01,10194
2026-09-06T13:45:01+0900,2026-09-06T13:45:13+0900,health-check,SUCCESS,0,12,ops01,10195
2026-09-06T13:50:02+0900,2026-09-06T13:50:03+0900,deadman-check,SUCCESS,0,1,ops01,10401
2026-09-06T13:50:06+0900,2026-09-06T13:50:11+0900,health-check,SUCCESS,0,5,ops01,10196
2026-09-06T13:55:01+0900,2026-09-06T13:55:09+0900,health-check,SUCCESS,0,8,ops01,10197
2026-09-06T14:00:02+0900,2026-09-06T14:00:03+0900,deadman-check,SUCCESS,0,1,ops01,10402
2026-09-06T14:00:08+0900,2026-09-06T14:00:14+0900,health-check,SUCCESS,0,6,ops01,10198
2026-09-06T14:05:03+0900,2026-09-06T14:05:07+0900,health-check,SUCCESS,0,4,ops01,10199
2026-09-06T14:10:02+0900,2026-09-06T14:10:03+0900,deadman-check,SUCCESS,0,1,ops01,10403
2026-09-06T14:10:02+0900,2026-09-06T14:10:05+0900,health-check,SUCCESS,0,3,ops01,10200
2026-09-06T14:15:01+0900,2026-09-06T14:15:04+0900,user-sync,SUCCESS,0,3,ops01,10020
2026-09-06T14:15:04+0900,2026-09-06T14:15:08+0900,health-check,SUCCESS,0,4,ops01,10201
2026-09-06T14:20:02+0900,2026-09-06T14:20:03+0900,deadman-check,SUCCESS,0,1,ops01,10404
2026-09-06T14:20:07+0900,2026-09-06T14:20:18+0900,health-check,SUCCESS,0,11,ops01,10202
2026-09-06T14:25:04+0900,2026-09-06T14:25:08+0900,health-check,SUCCESS,0,4,ops01,10203
2026-09-06T14:30:02+0900,2026-09-06T14:30:03+0900,deadman-check,SUCCESS,0,1,ops01,10405
2026-09-06T14:30:01+0900,2026-09-06T14:30:09+0900,health-check,SUCCESS,0,8,ops01,10204
2026-09-06T14:35:03+0900,2026-09-06T14:35:07+0900,health-check,SUCCESS,0,4,ops01,10205
2026-09-06T14:40:02+0900,2026-09-06T14:40:03+0900,deadman-check,SUCCESS,0,1,ops01,10406
2026-09-06T14:40:03+0900,2026-09-06T14:40:15+0900,health-check,SUCCESS,0,12,ops01,10206
2026-09-06T14:45:08+0900,2026-09-06T14:45:19+0900,health-check,SUCCESS,0,11,ops01,10207
2026-09-06T14:50:02+0900,2026-09-06T14:50:03+0900,deadman-check,SUCCESS,0,1,ops01,10407
2026-09-06T14:50:04+0900,2026-09-06T14:50:12+0900,health-check,SUCCESS,0,8,ops01,10208
2026-09-06T14:55:02+0900,2026-09-06T14:55:14+0900,health-check,SUCCESS,0,12,ops01,10209
2026-09-06T15:00:02+0900,2026-09-06T15:00:03+0900,deadman-check,SUCCESS,0,1,ops01,10408
2026-09-06T15:00:05+0900,2026-09-06T15:00:12+0900,health-check,SUCCESS,0,7,ops01,10210
2026-09-06T15:05:04+0900,2026-09-06T15:05:09+0900,health-check,SUCCESS,0,5,ops01,10211
2026-09-06T15:10:02+0900,2026-09-06T15:10:03+0900,deadman-check,SUCCESS,0,1,ops01,10409
2026-09-06T15:10:01+0900,2026-09-06T15:10:10+0900,health-check,SUCCESS,0,9,ops01,10212
2026-09-06T15:15:01+0900,2026-09-06T15:15:05+0900,user-sync,SUCCESS,0,4,ops01,10021
2026-09-06T15:15:06+0900,2026-09-06T15:15:15+0900,health-check,SUCCESS,0,9,ops01,10213
2026-09-06T15:20:02+0900,2026-09-06T15:20:03+0900,deadman-check,SUCCESS,0,1,ops01,10410
2026-09-06T15:20:02+0900,2026-09-06T15:20:10+0900,health-check,SUCCESS,0,8,ops01,10214
2026-09-06T15:25:06+0900,2026-09-06T15:25:15+0900,health-check,SUCCESS,0,9,ops01,10215
2026-09-06T15:30:02+0900,2026-09-06T15:30:03+0900,deadman-check,SUCCESS,0,1,ops01,10411
2026-09-06T15:30:06+0900,2026-09-06T15:30:12+0900,health-check,SUCCESS,0,6,ops01,10216
2026-09-06T15:35:03+0900,2026-09-06T15:35:12+0900,health-check,SUCCESS,0,9,ops01,10217
2026-09-06T15:40:02+0900,2026-09-06T15:40:03+0900,deadman-check,SUCCESS,0,1,ops01,10412
2026-09-06T15:40:05+0900,2026-09-06T15:40:11+0900,health-check,SUCCESS,0,6,ops01,10218
2026-09-06T15:45:02+0900,2026-09-06T15:45:06+0900,health-check,SUCCESS,0,4,ops01,10219
2026-09-06T15:50:02+0900,2026-09-06T15:50:03+0900,deadman-check,SUCCESS,0,1,ops01,10413
2026-09-06T15:50:07+0900,2026-09-06T15:50:14+0900,health-check,SUCCESS,0,7,ops01,10220
2026-09-06T15:55:01+0900,2026-09-06T15:55:09+0900,health-check,SUCCESS,0,8,ops01,10221
2026-09-06T16:00:02+0900,2026-09-06T16:00:03+0900,deadman-check,SUCCESS,0,1,ops01,10414
2026-09-06T16:00:03+0900,2026-09-06T16:00:11+0900,health-check,SUCCESS,0,8,ops01,10222
2026-09-06T16:05:08+0900,2026-09-06T16:05:11+0900,health-check,SUCCESS,0,3,ops01,10223
2026-09-06T16:10:02+0900,2026-09-06T16:10:03+0900,deadman-check,SUCCESS,0,1,ops01,10415
2026-09-06T16:10:03+0900,2026-09-06T16:10:07+0900,health-check,SUCCESS,0,4,ops01,10224
2026-09-06T16:15:01+0900,2026-09-06T16:15:05+0900,user-sync,SUCCESS,0,4,ops01,10022
2026-09-06T16:15:02+0900,2026-09-06T16:15:10+0900,health-check,SUCCESS,0,8,ops01,10225
2026-09-06T16:20:02+0900,2026-09-06T16:20:03+0900,deadman-check,SUCCESS,0,1,ops01,10416
2026-09-06T16:20:06+0900,2026-09-06T16:20:14+0900,health-check,SUCCESS,0,8,ops01,10226
2026-09-06T16:25:04+0900,2026-09-06T16:25:15+0900,health-check,SUCCESS,0,11,ops01,10227
2026-09-06T16:30:02+0900,2026-09-06T16:30:03+0900,deadman-check,SUCCESS,0,1,ops01,10417
2026-09-06T16:30:02+0900,2026-09-06T16:30:06+0900,health-check,SUCCESS,0,4,ops01,10228
2026-09-06T16:35:07+0900,2026-09-06T16:35:13+0900,health-check,SUCCESS,0,6,ops01,10229
2026-09-06T16:40:02+0900,2026-09-06T16:40:03+0900,deadman-check,SUCCESS,0,1,ops01,10418
2026-09-06T16:40:05+0900,2026-09-06T16:40:15+0900,health-check,SUCCESS,0,10,ops01,10230
2026-09-06T16:45:06+0900,2026-09-06T16:45:10+0900,health-check,SUCCESS,0,4,ops01,10231
2026-09-06T16:50:02+0900,2026-09-06T16:50:03+0900,deadman-check,SUCCESS,0,1,ops01,10419
2026-09-06T16:50:02+0900,2026-09-06T16:50:12+0900,health-check,SUCCESS,0,10,ops01,10232
2026-09-06T16:55:06+0900,2026-09-06T16:55:11+0900,health-check,SUCCESS,0,5,ops01,10233
2026-09-06T17:00:02+0900,2026-09-06T17:00:03+0900,deadman-check,SUCCESS,0,1,ops01,10420
2026-09-06T17:00:01+0900,2026-09-06T17:00:09+0900,health-check,SUCCESS,0,8,ops01,10234
2026-09-06T17:05:04+0900,2026-09-06T17:05:07+0900,health-check,SUCCESS,0,3,ops01,10235
2026-09-06T17:10:02+0900,2026-09-06T17:10:03+0900,deadman-check,SUCCESS,0,1,ops01,10421
2026-09-06T17:10:05+0900,2026-09-06T17:10:11+0900,health-check,SUCCESS,0,6,ops01,10236
2026-09-06T17:15:01+0900,2026-09-06T17:15:03+0900,user-sync,SUCCESS,0,2,ops01,10023
2026-09-06T17:15:06+0900,2026-09-06T17:15:11+0900,health-check,SUCCESS,0,5,ops01,10237
2026-09-06T17:20:02+0900,2026-09-06T17:20:03+0900,deadman-check,SUCCESS,0,1,ops01,10422
2026-09-06T17:20:02+0900,2026-09-06T17:20:11+0900,health-check,SUCCESS,0,9,ops01,10238
2026-09-06T17:25:02+0900,2026-09-06T17:25:12+0900,health-check,SUCCESS,0,10,ops01,10239
2026-09-06T17:30:02+0900,2026-09-06T17:30:03+0900,deadman-check,SUCCESS,0,1,ops01,10423
2026-09-06T17:30:08+0900,2026-09-06T17:30:18+0900,health-check,SUCCESS,0,10,ops01,10240
2026-09-06T17:35:01+0900,2026-09-06T17:35:07+0900,health-check,SUCCESS,0,6,ops01,10241
2026-09-06T17:40:02+0900,2026-09-06T17:40:03+0900,deadman-check,SUCCESS,0,1,ops01,10424
2026-09-06T17:40:05+0900,2026-09-06T17:40:10+0900,health-check,SUCCESS,0,5,ops01,10242
2026-09-06T17:45:05+0900,2026-09-06T17:45:16+0900,health-check,SUCCESS,0,11,ops01,10243
2026-09-06T17:50:02+0900,2026-09-06T17:50:03+0900,deadman-check,SUCCESS,0,1,ops01,10425
2026-09-06T17:50:07+0900,2026-09-06T17:50:16+0900,health-check,SUCCESS,0,9,ops01,10244
2026-09-06T17:55:06+0900,2026-09-06T17:55:11+0900,health-check,SUCCESS,0,5,ops01,10245
2026-09-06T18:00:02+0900,2026-09-06T18:00:03+0900,deadman-check,SUCCESS,0,1,ops01,10426
2026-09-06T18:00:03+0900,2026-09-06T18:00:15+0900,health-check,SUCCESS,0,12,ops01,10246
2026-09-06T18:05:03+0900,2026-09-06T18:05:12+0900,health-check,SUCCESS,0,9,ops01,10247
2026-09-06T18:10:02+0900,2026-09-06T18:10:03+0900,deadman-check,SUCCESS,0,1,ops01,10427
2026-09-06T18:10:02+0900,2026-09-06T18:10:08+0900,health-check,SUCCESS,0,6,ops01,10248
2026-09-06T18:15:01+0900,2026-09-06T18:15:04+0900,user-sync,SUCCESS,0,3,ops01,10024
2026-09-06T18:15:07+0900,2026-09-06T18:15:12+0900,health-check,SUCCESS,0,5,ops01,10249
2026-09-06T18:20:02+0900,2026-09-06T18:20:03+0900,deadman-check,SUCCESS,0,1,ops01,10428
2026-09-06T18:20:05+0900,2026-09-06T18:20:05+0900,health-check,SKIPPED,-,0,ops01,10250
2026-09-06T18:25:04+0900,2026-09-06T18:25:09+0900,health-check,SUCCESS,0,5,ops01,10251
2026-09-06T18:30:02+0900,2026-09-06T18:30:03+0900,deadman-check,SUCCESS,0,1,ops01,10429
2026-09-06T18:30:04+0900,2026-09-06T18:30:13+0900,health-check,SUCCESS,0,9,ops01,10252
2026-09-06T18:35:03+0900,2026-09-06T18:35:08+0900,health-check,SUCCESS,0,5,ops01,10253
2026-09-06T18:40:02+0900,2026-09-06T18:40:03+0900,deadman-check,SUCCESS,0,1,ops01,10430
2026-09-06T18:40:05+0900,2026-09-06T18:40:14+0900,health-check,SUCCESS,0,9,ops01,10254
2026-09-06T18:45:08+0900,2026-09-06T18:45:12+0900,health-check,SUCCESS,0,4,ops01,10255
2026-09-06T18:50:02+0900,2026-09-06T18:50:03+0900,deadman-check,SUCCESS,0,1,ops01,10431
2026-09-06T18:50:06+0900,2026-09-06T18:50:09+0900,health-check,SUCCESS,0,3,ops01,10256
2026-09-06T18:55:03+0900,2026-09-06T18:55:13+0900,health-check,SUCCESS,0,10,ops01,10257
2026-09-06T19:00:02+0900,2026-09-06T19:00:03+0900,deadman-check,SUCCESS,0,1,ops01,10432
2026-09-06T19:00:08+0900,2026-09-06T19:00:18+0900,health-check,SUCCESS,0,10,ops01,10258
2026-09-06T19:05:01+0900,2026-09-06T19:05:13+0900,health-check,SUCCESS,0,12,ops01,10259
2026-09-06T19:10:02+0900,2026-09-06T19:10:03+0900,deadman-check,SUCCESS,0,1,ops01,10433
2026-09-06T19:10:08+0900,2026-09-06T19:10:18+0900,health-check,SUCCESS,0,10,ops01,10260
2026-09-06T19:15:01+0900,2026-09-06T19:15:03+0900,user-sync,SUCCESS,0,2,ops01,10025
2026-09-06T19:15:08+0900,2026-09-06T19:15:18+0900,health-check,SUCCESS,0,10,ops01,10261
2026-09-06T19:20:02+0900,2026-09-06T19:20:03+0900,deadman-check,SUCCESS,0,1,ops01,10434
2026-09-06T19:20:06+0900,2026-09-06T19:20:12+0900,health-check,SUCCESS,0,6,ops01,10262
2026-09-06T19:25:02+0900,2026-09-06T19:25:12+0900,health-check,SUCCESS,0,10,ops01,10263
2026-09-06T19:30:02+0900,2026-09-06T19:30:03+0900,deadman-check,SUCCESS,0,1,ops01,10435
2026-09-06T19:30:02+0900,2026-09-06T19:30:13+0900,health-check,SUCCESS,0,11,ops01,10264
2026-09-06T19:35:01+0900,2026-09-06T19:35:13+0900,health-check,SUCCESS,0,12,ops01,10265
2026-09-06T19:40:02+0900,2026-09-06T19:40:03+0900,deadman-check,SUCCESS,0,1,ops01,10436
2026-09-06T19:40:05+0900,2026-09-06T19:40:16+0900,health-check,SUCCESS,0,11,ops01,10266
2026-09-06T19:45:01+0900,2026-09-06T19:45:05+0900,health-check,SUCCESS,0,4,ops01,10267
2026-09-06T19:50:02+0900,2026-09-06T19:50:03+0900,deadman-check,SUCCESS,0,1,ops01,10437
2026-09-06T19:50:04+0900,2026-09-06T19:50:07+0900,health-check,SUCCESS,0,3,ops01,10268
2026-09-06T19:55:03+0900,2026-09-06T19:55:08+0900,health-check,SUCCESS,0,5,ops01,10269
2026-09-06T20:00:02+0900,2026-09-06T20:00:03+0900,deadman-check,SUCCESS,0,1,ops01,10438
2026-09-06T20:00:07+0900,2026-09-06T20:00:19+0900,health-check,SUCCESS,0,12,ops01,10270
2026-09-06T20:05:02+0900,2026-09-06T20:05:11+0900,health-check,SUCCESS,0,9,ops01,10271
2026-09-06T20:10:02+0900,2026-09-06T20:10:03+0900,deadman-check,SUCCESS,0,1,ops01,10439
2026-09-06T20:10:08+0900,2026-09-06T20:10:16+0900,health-check,SUCCESS,0,8,ops01,10272
2026-09-06T20:15:01+0900,2026-09-06T20:15:05+0900,user-sync,SUCCESS,0,4,ops01,10026
2026-09-06T20:15:04+0900,2026-09-06T20:15:10+0900,health-check,SUCCESS,0,6,ops01,10273
2026-09-06T20:20:02+0900,2026-09-06T20:20:03+0900,deadman-check,SUCCESS,0,1,ops01,10440
2026-09-06T20:20:04+0900,2026-09-06T20:20:08+0900,health-check,SUCCESS,0,4,ops01,10274
2026-09-06T20:25:07+0900,2026-09-06T20:25:14+0900,health-check,SUCCESS,0,7,ops01,10275
2026-09-06T20:30:02+0900,2026-09-06T20:30:03+0900,deadman-check,SUCCESS,0,1,ops01,10441
2026-09-06T20:30:07+0900,2026-09-06T20:30:17+0900,health-check,SUCCESS,0,10,ops01,10276
2026-09-06T20:35:08+0900,2026-09-06T20:35:11+0900,health-check,SUCCESS,0,3,ops01,10277
2026-09-06T20:40:02+0900,2026-09-06T20:40:03+0900,deadman-check,SUCCESS,0,1,ops01,10442
2026-09-06T20:40:08+0900,2026-09-06T20:40:14+0900,health-check,SUCCESS,0,6,ops01,10278
2026-09-06T20:45:02+0900,2026-09-06T20:45:08+0900,health-check,SUCCESS,0,6,ops01,10279
2026-09-06T20:50:02+0900,2026-09-06T20:50:03+0900,deadman-check,SUCCESS,0,1,ops01,10443
2026-09-06T20:50:02+0900,2026-09-06T20:50:10+0900,health-check,SUCCESS,0,8,ops01,10280
2026-09-06T20:55:04+0900,2026-09-06T20:55:14+0900,health-check,SUCCESS,0,10,ops01,10281
2026-09-06T21:00:02+0900,2026-09-06T21:00:03+0900,deadman-check,SUCCESS,0,1,ops01,10444
2026-09-06T21:00:04+0900,2026-09-06T21:00:08+0900,health-check,SUCCESS,0,4,ops01,10282
2026-09-06T21:05:06+0900,2026-09-06T21:05:11+0900,health-check,SUCCESS,0,5,ops01,10283
2026-09-06T21:10:02+0900,2026-09-06T21:10:03+0900,deadman-check,SUCCESS,0,1,ops01,10445
2026-09-06T21:10:03+0900,2026-09-06T21:10:06+0900,health-check,SUCCESS,0,3,ops01,10284
2026-09-06T21:15:01+0900,2026-09-06T21:15:03+0900,user-sync,SUCCESS,0,2,ops01,10027
2026-09-06T21:15:02+0900,2026-09-06T21:15:13+0900,health-check,SUCCESS,0,11,ops01,10285
2026-09-06T21:20:02+0900,2026-09-06T21:20:03+0900,deadman-check,SUCCESS,0,1,ops01,10446
2026-09-06T21:20:07+0900,2026-09-06T21:20:11+0900,health-check,SUCCESS,0,4,ops01,10286
2026-09-06T21:25:02+0900,2026-09-06T21:25:09+0900,health-check,SUCCESS,0,7,ops01,10287
2026-09-06T21:30:02+0900,2026-09-06T21:30:03+0900,deadman-check,SUCCESS,0,1,ops01,10447
2026-09-06T21:30:04+0900,2026-09-06T21:30:10+0900,health-check,SUCCESS,0,6,ops01,10288
2026-09-06T21:35:08+0900,2026-09-06T21:35:18+0900,health-check,SUCCESS,0,10,ops01,10289
2026-09-06T21:40:02+0900,2026-09-06T21:40:03+0900,deadman-check,SUCCESS,0,1,ops01,10448
2026-09-06T21:40:02+0900,2026-09-06T21:40:09+0900,health-check,SUCCESS,0,7,ops01,10290
2026-09-06T21:45:07+0900,2026-09-06T21:45:15+0900,health-check,SUCCESS,0,8,ops01,10291
2026-09-06T21:50:02+0900,2026-09-06T21:50:03+0900,deadman-check,SUCCESS,0,1,ops01,10449
2026-09-06T21:50:03+0900,2026-09-06T21:50:14+0900,health-check,SUCCESS,0,11,ops01,10292
2026-09-06T21:55:04+0900,2026-09-06T21:55:15+0900,health-check,SUCCESS,0,11,ops01,10293
2026-09-06T22:00:02+0900,2026-09-06T22:00:03+0900,deadman-check,SUCCESS,0,1,ops01,10450
2026-09-06T22:00:08+0900,2026-09-06T22:00:16+0900,health-check,SUCCESS,0,8,ops01,10294
2026-09-06T22:05:08+0900,2026-09-06T22:05:18+0900,health-check,SUCCESS,0,10,ops01,10295
2026-09-06T22:10:02+0900,2026-09-06T22:10:03+0900,deadman-check,SUCCESS,0,1,ops01,10451
2026-09-06T22:10:07+0900,2026-09-06T22:10:17+0900,health-check,SUCCESS,0,10,ops01,10296
2026-09-06T22:15:01+0900,2026-09-06T22:15:03+0900,user-sync,SUCCESS,0,2,ops01,10028
2026-09-06T22:15:06+0900,2026-09-06T22:15:12+0900,health-check,SUCCESS,0,6,ops01,10297
2026-09-06T22:20:02+0900,2026-09-06T22:20:03+0900,deadman-check,SUCCESS,0,1,ops01,10452
2026-09-06T22:20:06+0900,2026-09-06T22:20:10+0900,health-check,SUCCESS,0,4,ops01,10298
2026-09-06T22:25:05+0900,2026-09-06T22:25:08+0900,health-check,SUCCESS,0,3,ops01,10299
2026-09-06T22:30:02+0900,2026-09-06T22:30:03+0900,deadman-check,SUCCESS,0,1,ops01,10453
2026-09-06T22:30:05+0900,2026-09-06T22:30:15+0900,health-check,SUCCESS,0,10,ops01,10300
2026-09-06T22:35:08+0900,2026-09-06T22:35:18+0900,health-check,SUCCESS,0,10,ops01,10301
2026-09-06T22:40:02+0900,2026-09-06T22:40:03+0900,deadman-check,SUCCESS,0,1,ops01,10454
2026-09-06T22:40:08+0900,2026-09-06T22:40:12+0900,health-check,SUCCESS,0,4,ops01,10302
2026-09-06T22:45:03+0900,2026-09-06T22:45:14+0900,health-check,SUCCESS,0,11,ops01,10303
2026-09-06T22:50:02+0900,2026-09-06T22:50:03+0900,deadman-check,SUCCESS,0,1,ops01,10455
2026-09-06T22:50:02+0900,2026-09-06T22:50:09+0900,health-check,SUCCESS,0,7,ops01,10304
2026-09-06T22:55:08+0900,2026-09-06T22:55:20+0900,health-check,SUCCESS,0,12,ops01,10305
2026-09-06T23:00:02+0900,2026-09-06T23:00:03+0900,deadman-check,SUCCESS,0,1,ops01,10456
2026-09-06T23:00:08+0900,2026-09-06T23:00:20+0900,health-check,SUCCESS,0,12,ops01,10306
2026-09-06T23:05:02+0900,2026-09-06T23:05:10+0900,health-check,SUCCESS,0,8,ops01,10307
2026-09-06T23:10:02+0900,2026-09-06T23:10:03+0900,deadman-check,SUCCESS,0,1,ops01,10457
2026-09-06T23:10:03+0900,2026-09-06T23:10:10+0900,health-check,SUCCESS,0,7,ops01,10308
2026-09-06T23:15:01+0900,2026-09-06T23:15:04+0900,user-sync,SUCCESS,0,3,ops01,10029
2026-09-06T23:15:03+0900,2026-09-06T23:15:14+0900,health-check,SUCCESS,0,11,ops01,10309
2026-09-06T23:20:02+0900,2026-09-06T23:20:03+0900,deadman-check,SUCCESS,0,1,ops01,10458
2026-09-06T23:20:04+0900,2026-09-06T23:20:12+0900,health-check,SUCCESS,0,8,ops01,10310
2026-09-06T23:25:04+0900,2026-09-06T23:25:12+0900,health-check,SUCCESS,0,8,ops01,10311
2026-09-06T23:30:02+0900,2026-09-06T23:30:03+0900,deadman-check,SUCCESS,0,1,ops01,10459
2026-09-06T23:30:04+0900,2026-09-06T23:30:09+0900,health-check,SUCCESS,0,5,ops01,10312
2026-09-06T23:35:04+0900,2026-09-06T23:35:13+0900,health-check,SUCCESS,0,9,ops01,10313
2026-09-06T23:40:02+0900,2026-09-06T23:40:03+0900,deadman-check,SUCCESS,0,1,ops01,10460
2026-09-06T23:40:02+0900,2026-09-06T23:40:08+0900,health-check,SUCCESS,0,6,ops01,10314
2026-09-06T23:45:08+0900,2026-09-06T23:45:17+0900,health-check,SUCCESS,0,9,ops01,10315
2026-09-06T23:50:02+0900,2026-09-06T23:50:03+0900,deadman-check,SUCCESS,0,1,ops01,10461
2026-09-06T23:50:06+0900,2026-09-06T23:50:18+0900,health-check,SUCCESS,0,12,ops01,10316
2026-09-06T23:55:02+0900,2026-09-06T23:55:11+0900,health-check,SUCCESS,0,9,ops01,10317
